Name,ID,Year,Genre,Artist
Fragile_Dreams,1,1999,Progressive_Rock,Anathema
A_Simple_Mistake,2,2010,Progressive_Rock,Anathema
Head_Above_Water,3,2018,Pop_Rock,Avril_Lavigne
Time,4,2010,Film_Score,Hans_Zimmer
Fix_You,5,2005,Alternative_Rock,Coldplay
Cornfield_Chase,6,2014,Film_Score,Hans_Zimmer
Symphony_No._5,7,1808,Classical,Ludwig_van_Beethoven
Moonlight_Sonata,8,1801,Classical,Ludwig_van_Beethoven
Bohemian_Rhapsody,9,1975,Rock,Queen
Shape_of_You,10,2017,Pop,Ed_Sheeran
Smells_Like_Teen_Spirit,11,1991,Grunge,Nirvana
Don't_Stop_Me_Now,12,1978,Rock,Queen
Come_As_You_Are,13,1992,Grunge,Nirvana
Hotel_California,14,1976,Classic_Rock,Eagles
Take_It_Easy,15,1972,Classic_Rock,Eagles
Perfect,16,2017,Pop,Ed_Sheeran
No_Time_For_Caution,17,2014,Film_Score,Hans_Zimmer
In_The_End,18,2001,Alternative_Rock,Linkin_Park
Numb,19,2003,Alternative_Rock,Linkin_Park
Yellow,20,2008,Pop_Rock,Coldplay
