Username,Music_History,Favorite_Genre
Kosar,7:8;8:1,Classical
Parsa,4:12;1:2,Film_Score
Koroush,1:15;2:10;4:3,Progressive_Rock
Parisa,3:20;1:5;6:2,Pop_Rock
Farjad,4:6;2:4;3:3;6:1,Film_Score
Paria,14:6;15:5;9:3,Classic_Rock
Amir,5:5,Alternative_Rock
Taha,19:12;20:15;8:7,Alternative_Rock
Walter,7:8;15:5,Classical
Sadegh,10:8;13:9,Pop
Erfan,12:6;16:11,Rock
Hank,11:8;13:15;19:4;18:6,Grunge
Reza,3:5;1:8;6:9;9:7;15:7;20:6,Pop_Rock
Mahdi,6:5;10:7,Film_Score
Amin,10:7;16:8,Pop
Saul,16:12;4:12;6:12,Grunge
Mehrad,1:5;2:3,Progressive_Rock
Moein,5:10;19:4;10:2,Rock
Artin,3:16;14:4,Pop
Akbar,13:5;3:5;1:5,Classical
